{
  "Soleil": {
    "x": 0.0,
    "y": 0.0,
    "z": 0.0,
    "vx": 0.0,
    "vy": 0.0,
    "vz": 0.0,
    "nom": "Soleil",
    "couleur": "yellow",
    "masse": 1.988e+30,
    "taille": 50
  },
  "Terre": {
    "x": 92617206990.77177,
    "y": -120350223542.80095,
    "z": 5267601.383378597,
    "vx": 23110.696645113156,
    "vy": 18058.45480481635,
    "vz": 0.21252414125188462,
    "nom": "Terre",
    "couleur": "blue",
    "masse": 5.97237e+24,
    "taille": 10
  },
  "Mars": {
    "x": 185181567290.39023,
    "y": -91527601448.9447,
    "z": -6460735308.634244,
    "vx": 11660.835937219395,
    "vy": 23792.4816486233,
    "vz": 212.50780204669474,
    "nom": "Mars",
    "couleur": "red",
    "masse": 6.4171e+23,
    "taille": 6
  },
  "nbreAstres": 3
}